Eugenio Luna, 123456, 672 Gwen Rapids Suite 184
Rosalia Bustos, 782932, 3300 Simonis Forge Suite 456
Carolina Mendoza, 5432314, 44827 Micheal Stream Apt. 592
Jesus Manuel Diaz, 242324, 4884 Van Stravenue Apt. 642
Juan Francisco Rodr√≠guez, 24324, 502, 013 Price Stravenue Apt. 330
Julia Neira, 522313, 768 Jamal Lake Suite 611
Mariona Real, 954342, 7835 Bella Court Apt. 641
Yesica Torregrosa, 684234, 043 Westley Plaza Apt. 180
Neus San Juan, 872431, 2216 Kiehn Drives Suite 820
Jose Andres Alvaro, 228234, 787 Schaden Garden Apt. 820
Elsa Amaya, 123452, 27977 Blanda Circles Suite 378
Ruben Cabezas, 423542, 299 Madisyn Squares Apt. 671
Alex Quesada, 4231, 9303 Carroll Lakes Suite 390
Hector Silva, 3214, 9314 Dorthy Junctions Apt. 934
Martin Cordoba, 1252, 9106 Dorcas Key Apt. 517
Eulalia Montero, 32432, 716 Vandervort Summit Suite 938
Chloe Corral, 242321, 5588 Schuster Field Apt. 074